{
    "测试作物": {"花费": 1, "生长时间": 3, "收益": 9999, "品质": "普通", "描述": "测试作物", "耐候性": 10, "等级": 1, "经验": 999},
    "小麦": {"花费": 120, "生长时间": 120, "收益": 100, "品质": "普通", "描述": "基础作物，品质较低，适合新手种植", "耐候性": 10, "等级": 1, "经验": 10},
    "稻谷": {"花费": 100, "生长时间": 240, "收益": 120, "品质": "普通", "描述": "适合大规模种植的基础作物", "耐候性": 10, "等级": 1, "经验": 10},
    "玉米": {"花费": 70, "生长时间": 600, "收益": 90, "品质": "普通", "描述": "营养丰富的优良作物，适合稍有经验的玩家", "耐候性": 15, "等级": 2, "经验": 15},
    "土豆": {"花费": 75, "生长时间": 360, "收益": 90, "品质": "普通", "描述": "容易种植的耐寒作物", "耐候性": 12, "等级": 1, "经验": 10},
    "胡萝卜": {"花费": 60, "生长时间": 480, "收益": 80, "品质": "普通", "描述": "适合新手的健康作物", "耐候性": 12, "等级": 1, "经验": 10},
    "草莓": {"花费": 120, "生长时间": 960, "收益": 150, "品质": "优良", "描述": "营养丰富的果实，收益不错", "耐候性": 14, "等级": 2, "经验": 20},
    "番茄": {"花费": 100, "生长时间": 720, "收益": 130, "品质": "优良", "描述": "常见作物，适合小规模种植", "耐候性": 12, "等级": 2, "经验": 15},
    "大豆": {"花费": 90, "生长时间": 840, "收益": 110, "品质": "优良", "描述": "富含蛋白质的基础作物", "耐候性": 11, "等级": 2, "经验": 12},
    "蓝莓": {"花费": 150, "生长时间": 1200, "收益": 200, "品质": "稀有", "描述": "较为稀有的作物，市场价值较高", "耐候性": 18, "等级": 3, "经验": 25},
    "洋葱": {"花费": 85, "生长时间": 600, "收益": 105, "品质": "稀有", "描述": "烹饪常用的作物，适合中级种植", "耐候性": 10, "等级": 2, "经验": 10},
    "南瓜": {"花费": 180, "生长时间": 1440, "收益": 250, "品质": "稀有", "描述": "秋季收获的高收益作物", "耐候性": 20, "等级": 4, "经验": 30},
    "葡萄": {"花费": 200, "生长时间": 1200, "收益": 300, "品质": "稀有", "描述": "需要特殊管理的高收益作物", "耐候性": 15, "等级": 4, "经验": 35},
    "柿子": {"花费": 160, "生长时间": 1080, "收益": 240, "品质": "稀有", "描述": "富含营养的秋季作物", "耐候性": 18, "等级": 3, "经验": 28},
    "花椰菜": {"花费": 130, "生长时间": 960, "收益": 170, "品质": "稀有", "描述": "耐寒的高品质作物，适合经验丰富的玩家", "耐候性": 17, "等级": 3, "经验": 22},
    "芦笋": {"花费": 200, "生长时间": 1560, "收益": 280, "品质": "稀有", "描述": "市场需求量高的稀有作物", "耐候性": 15, "等级": 4, "经验": 30},
    "香草": {"花费": 250, "生长时间": 1800, "收益": 400, "品质": "史诗", "描述": "非常稀有且收益极高的作物", "耐候性": 22, "等级": 5, "经验": 40},
    "西瓜": {"花费": 240, "生长时间": 2400, "收益": 420, "品质": "史诗", "描述": "夏季丰产的高价值作物", "耐候性": 21, "等级": 5, "经验": 45},
    "甜菜": {"花费": 220, "生长时间": 2160, "收益": 350, "品质": "史诗", "描述": "营养丰富的根茎作物，收益较高", "耐候性": 20, "等级": 5, "经验": 38},
    "甘蔗": {"花费": 260, "生长时间": 3000, "收益": 450, "品质": "史诗", "描述": "需要充足水源的高价值作物", "耐候性": 18, "等级": 5, "经验": 50},
    "龙果": {"花费": 400, "生长时间": 4800, "收益": 600, "品质": "传奇", "描述": "极为稀有的热带作物，产量和价值都极高", "耐候性": 25, "等级": 6, "经验": 60},
    "松露": {"花费": 500, "生长时间": 7200, "收益": 700, "品质": "传奇", "描述": "极其珍贵的地下作物，市场价格极高", "耐候性": 23, "等级": 7, "经验": 80},
    "人参": {"花费": 450, "生长时间": 6600, "收益": 650, "品质": "传奇", "描述": "需要耐心等待的珍贵药材", "耐候性": 22, "等级": 6, "经验": 75},
	"富贵竹": {"花费": 450, "生长时间": 6600, "收益": 650, "品质": "传奇", "描述": "需要耐心等待的珍贵药材", "耐候性": 22, "等级": 6, "经验": 75},
	"芦荟": {"花费": 450, "生长时间": 6600, "收益": 650, "品质": "传奇", "描述": "需要耐心等待的珍贵药材", "耐候性": 22, "等级": 6, "经验": 75},
    "金橘": {"花费": 420, "生长时间": 4800, "收益": 620, "品质": "传奇", "描述": "少见的耐寒果树，市场需求量极大", "耐候性": 26, "等级": 7, "经验": 70}
}