{
    "experience": 0,
    "level": 1,
    "money": 1000,
    "farm_name": "农场",
    "user_name": "shumengya",
    "player_name": "玩家昵称",
    "user_password": "0123456789",
    "last_login_time": "2025年12时09分35秒",
    "total_login_time": "0时0分0秒",
    "farm_lots": [
        {"crop_type": "", "grow_time": 0, "is_dead": false, "is_diged": true, "is_planted": false, "max_grow_time": 3},
        {"crop_type": "", "grow_time": 0, "is_dead": false, "is_diged": true, "is_planted": false, "max_grow_time": 3},
        {"crop_type": "", "grow_time": 0, "is_dead": false, "is_diged": true, "is_planted": false, "max_grow_time": 3},
        {"crop_type": "", "grow_time": 0, "is_dead": false, "is_diged": true, "is_planted": false, "max_grow_time": 3},
        {"crop_type": "", "grow_time": 0, "is_dead": false, "is_diged": true, "is_planted": false, "max_grow_time": 3},
        {"crop_type": "", "grow_time": 0, "is_dead": false, "is_diged": false, "is_planted": false, "max_grow_time": 5},
        {"crop_type": "", "grow_time": 0, "is_dead": false, "is_diged": false, "is_planted": false, "max_grow_time": 5},
        {"crop_type": "", "grow_time": 0, "is_dead": false, "is_diged": false, "is_planted": false, "max_grow_time": 5},
        {"crop_type": "", "grow_time": 0, "is_dead": false, "is_diged": false, "is_planted": false, "max_grow_time": 5},
        {"crop_type": "", "grow_time": 0, "is_dead": false, "is_diged": false, "is_planted": false, "max_grow_time": 5},
        {"crop_type": "", "grow_time": 0, "is_dead": false, "is_diged": false, "is_planted": false, "max_grow_time": 5},
        {"crop_type": "", "grow_time": 0, "is_dead": false, "is_diged": false, "is_planted": false, "max_grow_time": 5},
        {"crop_type": "", "grow_time": 0, "is_dead": false, "is_diged": false, "is_planted": false, "max_grow_time": 5},
        {"crop_type": "", "grow_time": 0, "is_dead": false, "is_diged": false, "is_planted": false, "max_grow_time": 5},
        {"crop_type": "", "grow_time": 0, "is_dead": false, "is_diged": false, "is_planted": false, "max_grow_time": 5},
        {"crop_type": "", "grow_time": 0, "is_dead": false, "is_diged": false, "is_planted": false, "max_grow_time": 5},
        {"crop_type": "", "grow_time": 0, "is_dead": false, "is_diged": false, "is_planted": false, "max_grow_time": 5},
        {"crop_type": "", "grow_time": 0, "is_dead": false, "is_diged": false, "is_planted": false, "max_grow_time": 5},
        {"crop_type": "", "grow_time": 0, "is_dead": false, "is_diged": false, "is_planted": false, "max_grow_time": 5},
        {"crop_type": "", "grow_time": 0, "is_dead": false, "is_diged": false, "is_planted": false, "max_grow_time": 5},
        {"crop_type": "", "grow_time": 0, "is_dead": false, "is_diged": false, "is_planted": false, "max_grow_time": 5},
        {"crop_type": "", "grow_time": 0, "is_dead": false, "is_diged": false, "is_planted": false, "max_grow_time": 5},
        {"crop_type": "", "grow_time": 0, "is_dead": false, "is_diged": false, "is_planted": false, "max_grow_time": 5},
        {"crop_type": "", "grow_time": 0, "is_dead": false, "is_diged": false, "is_planted": false, "max_grow_time": 5},
        {"crop_type": "", "grow_time": 0, "is_dead": false, "is_diged": false, "is_planted": false, "max_grow_time": 5},
        {"crop_type": "", "grow_time": 0, "is_dead": false, "is_diged": false, "is_planted": false, "max_grow_time": 5},
        {"crop_type": "", "grow_time": 0, "is_dead": false, "is_diged": false, "is_planted": false, "max_grow_time": 5},
        {"crop_type": "", "grow_time": 0, "is_dead": false, "is_diged": false, "is_planted": false, "max_grow_time": 5},
        {"crop_type": "", "grow_time": 0, "is_dead": false, "is_diged": false, "is_planted": false, "max_grow_time": 5},
        {"crop_type": "", "grow_time": 0, "is_dead": false, "is_diged": false, "is_planted": false, "max_grow_time": 5},
        {"crop_type": "", "grow_time": 0, "is_dead": false, "is_diged": false, "is_planted": false, "max_grow_time": 5},
        {"crop_type": "", "grow_time": 0, "is_dead": false, "is_diged": false, "is_planted": false, "max_grow_time": 5},
        {"crop_type": "", "grow_time": 0, "is_dead": false, "is_diged": false, "is_planted": false, "max_grow_time": 5},
        {"crop_type": "", "grow_time": 0, "is_dead": false, "is_diged": false, "is_planted": false, "max_grow_time": 5},
        {"crop_type": "", "grow_time": 0, "is_dead": false, "is_diged": false, "is_planted": false, "max_grow_time": 5},
        {"crop_type": "", "grow_time": 0, "is_dead": false, "is_diged": false, "is_planted": false, "max_grow_time": 5},
        {"crop_type": "", "grow_time": 0, "is_dead": false, "is_diged": false, "is_planted": false, "max_grow_time": 5},
        {"crop_type": "", "grow_time": 0, "is_dead": false, "is_diged": false, "is_planted": false, "max_grow_time": 5},
        {"crop_type": "", "grow_time": 0, "is_dead": false, "is_diged": false, "is_planted": false, "max_grow_time": 5},
        {"crop_type": "", "grow_time": 0, "is_dead": false, "is_diged": false, "is_planted": false, "max_grow_time": 5},
        {"crop_type": "", "grow_time": 0, "is_dead": false, "is_diged": false, "is_planted": false, "max_grow_time": 5},
        {"crop_type": "", "grow_time": 0, "is_dead": false, "is_diged": false, "is_planted": false, "max_grow_time": 5},
        {"crop_type": "", "grow_time": 0, "is_dead": false, "is_diged": false, "is_planted": false, "max_grow_time": 5},
        {"crop_type": "", "grow_time": 0, "is_dead": false, "is_diged": false, "is_planted": false, "max_grow_time": 5},
        {"crop_type": "", "grow_time": 0, "is_dead": false, "is_diged": false, "is_planted": false, "max_grow_time": 5},
        {"crop_type": "", "grow_time": 0, "is_dead": false, "is_diged": false, "is_planted": false, "max_grow_time": 5},
        {"crop_type": "", "grow_time": 0, "is_dead": false, "is_diged": false, "is_planted": false, "max_grow_time": 5},
        {"crop_type": "", "grow_time": 0, "is_dead": false, "is_diged": false, "is_planted": false, "max_grow_time": 5},
        {"crop_type": "", "grow_time": 0, "is_dead": false, "is_diged": false, "is_planted": false, "max_grow_time": 5},
        {"crop_type": "", "grow_time": 0, "is_dead": false, "is_diged": false, "is_planted": false, "max_grow_time": 5}
    ],
    "player_bag": []
}